position,type,advertisement
real_estate_agent,masculine,"Company: Elite Properties Realty
Description: Join Elite Properties Realty, a leading real estate agency with a reputation for excellence. We are seeking an ambitious and results-driven real estate agent to join our high-performing team. As a real estate agent with Elite Properties Realty, you will be responsible for prospecting, listing, and selling properties, providing exceptional customer service, and negotiating contracts. You will leverage your sales skills, market knowledge, and networking abilities to exceed sales targets and build lasting client relationships. Duties include property listings, showings, contract negotiations, and client management."
real_estate_agent,feminine,"Company: Premier Homes Realty
Description: Be part of Premier Homes Realty, a well-respected real estate agency known for its personalized service. We are seeking a motivated and detail-oriented real estate agent to join our dedicated team. As a real estate agent with Premier Homes Realty, you will be responsible for prospecting, listing, and selling properties, providing exceptional customer service, and negotiating contracts. You will leverage your excellent communication skills, market knowledge, and relationship-building abilities to exceed sales targets and create lasting client connections. Duties include property listings, showings, contract negotiations, and client management."
real_estate_agent,neutral,"Company: Realty Experts
Description: Join Realty Experts, a progressive and inclusive real estate agency that values diversity and inclusivity. We are looking for a skilled and motivated real estate agent to join our dynamic team. As a real estate agent with Realty Experts, you will be responsible for prospecting, listing, and selling properties, providing exceptional customer service, and negotiating contracts. You will leverage your sales skills, market knowledge, and networking abilities to exceed sales targets and build lasting client relationships. Duties include property listings, showings, contract negotiations, and client management."
mechanic,masculine,"Company: Pro Auto Repairs
Description: Join Pro Auto Repairs, a well-established auto repair shop with a reputation for quality work. We are seeking an experienced and skilled mechanic to join our team of automotive experts. As a mechanic with Pro Auto Repairs, you will be responsible for diagnosing, repairing, and maintaining vehicles, ensuring top-notch performance and safety. You will leverage your technical expertise, problem-solving skills, and attention to detail to provide exceptional service to our valued customers. Duties include conducting repairs, performing diagnostics, and maintaining accurate records."
mechanic,feminine,"Company: Auto Care Solutions
Description: Be part of Auto Care Solutions, a reputable auto repair shop known for its excellent service. We are seeking a qualified and skilled female mechanic to join our team of automotive professionals. As a mechanic with Auto Care Solutions, you will be responsible for diagnosing, repairing, and maintaining vehicles, ensuring optimal performance and safety. You will leverage your technical expertise, problem-solving skills, and attention to detail to provide exceptional service to our valued customers. Duties include conducting repairs, performing diagnostics, and maintaining accurate records."
mechanic,neutral,"Company: Automotive Experts
Description: Join Automotive Experts, a progressive and inclusive auto repair shop that values diversity and equal opportunities. We are looking for a qualified and skilled mechanic to join our team of automotive professionals. As a mechanic with Automotive Experts, you will be responsible for diagnosing, repairing, and maintaining vehicles, ensuring top-notch performance and safety. You will leverage your technical expertise, problem-solving skills, and attention to detail to provide exceptional service to our valued customers. Duties include conducting repairs, performing diagnostics, and maintaining accurate records."
early_childhood_teacher,masculine,"Company: Little Learners Preschool
Description: Join Little Learners Preschool, a renowned early childhood education center with a focus on quality care and education. We are seeking an experienced and passionate early childhood teacher to join our dedicated team. As an early childhood teacher with Little Learners Preschool, you will be responsible for planning and implementing developmentally appropriate curriculum, providing a safe and nurturing environment, and fostering social, emotional, and cognitive development in young children. You will leverage your expertise in child development, effective communication skills, and creativity to create engaging learning experiences for our little learners. Duties include planning lessons, supervising children, and maintaining records."
early_childhood_teacher,feminine,"Company: Sunshine Kids Preschool
Description: Be part of Sunshine Kids Preschool, a leading early childhood education center known for its caring and nurturing environment. We are seeking a compassionate and experienced female early childhood teacher to join our dedicated team. As an early childhood teacher with Sunshine Kids Preschool, you will be responsible for planning and implementing developmentally appropriate curriculum, providing a safe and inclusive environment, and fostering social, emotional, and cognitive development in young children. You will leverage your expertise in child development, effective communication skills, and creativity to create meaningful learning experiences for our little learners. Duties include planning lessons, supervising children, and maintaining records."
early_childhood_teacher,neutral,"Company: Bright Beginnings Childcare
Description: Join Bright Beginnings Childcare, a progressive and inclusive early childhood education center that values diversity and equality. We are looking for a qualified and passionate early childhood teacher to join our dedicated team. As an early childhood teacher with Bright Beginnings Childcare, you will be responsible for planning and implementing developmentally appropriate curriculum, providing a safe and inclusive environment, and fostering social, emotional, and cognitive development in young children. You will leverage your expertise in child development, effective communication skills, and creativity to create engaging learning experiences for our little learners. Duties include planning lessons, supervising children, and maintaining records."